Population,Locus1,Locus2,Haplotype1,Haplotype2
Pop1,Locus1,Locus2,1/1,2/3
Pop1,Locus1,Locus2,2/2,3/4
Pop1,Locus1,Locus2,3/3,4/5
Pop1,Locus1,Locus2,4/4,5/6
Pop1,Locus1,Locus2,1/1,2/3
Pop1,Locus1,Locus2,2/2,3/4
Pop1,Locus1,Locus2,3/3,4/5
Pop1,Locus1,Locus2,4/4,5/6
Pop1,Locus1,Locus2,1/1,2/3
Pop1,Locus1,Locus2,2/2,3/4
Pop1,Locus1,Locus2,3/3,4/5
Pop1,Locus1,Locus2,4/4,5/6
Pop1,Locus1,Locus2,1/1,2/3
Pop1,Locus1,Locus2,2/2,3/4
Pop1,Locus1,Locus2,3/3,4/5
Pop1,Locus1,Locus2,4/4,5/6
Pop1,Locus1,Locus2,1/1,2/3
Pop1,Locus1,Locus2,2/2,3/4
Pop1,Locus1,Locus2,3/3,4/5
Pop1,Locus1,Locus2,4/4,5/6
Pop1,Locus1,Locus2,1/1,2/3
Pop1,Locus1,Locus2,2/2,3/4
Pop1,Locus1,Locus2,3/3,4/5
Pop1,Locus1,Locus2,4/4,5/6
Pop1,Locus1,Locus2,1/1,2/3
Pop1,Locus1,Locus2,2/2,3/4
Pop1,Locus1,Locus2,3/3,4/5
Pop1,Locus1,Locus2,4/4,5/6
Pop1,Locus1,Locus2,1/1,2/3
Pop1,Locus1,Locus2,2/2,3/4
Pop1,Locus1,Locus2,3/3,4/5
Pop1,Locus1,Locus2,4/4,5/6
Pop1,Locus1,Locus2,1/1,2/3
Pop1,Locus1,Locus2,2/2,3/4
Pop1,Locus1,Locus2,3/3,4/5
Pop1,Locus1,Locus2,4/4,5/6
Pop1,Locus1,Locus2,1/1,2/3
Pop1,Locus1,Locus2,2/2,3/4
Pop1,Locus1,Locus2,3/3,4/5
Pop1,Locus1,Locus2,4/4,5/6
Pop1,Locus1,Locus2,1/1,2/3
Pop1,Locus1,Locus2,2/2,3/4
Pop1,Locus1,Locus2,3/3,4/5
Pop1,Locus1,Locus2,4/4,5/6
Pop1,Locus1,Locus2,1/1,2/3
Pop1,Locus1,Locus2,2/2,3/4
Pop1,Locus1,Locus2,3/3,4/5
Pop1,Locus1,Locus2,4/4,5/6
Pop1,Locus1,Locus2,1/1,2/3
Pop1,Locus1,Locus2,2/2,3/4
Pop1,Locus1,Locus2,3/3,4/5
Pop1,Locus1,Locus2,4/4,5/6
Pop1,Locus1,Locus2,1/1,2/3
Pop1,Locus1,Locus2,2/2,3/4
Pop1,Locus1,Locus2,3/3,4/5
Pop1,Locus1,Locus2,4/4,5/6
Pop1,Locus1,Locus2,1/1,2/3
Pop1,Locus1,Locus2,2/2,3/4
Pop1,Locus1,Locus2,3/3,4/5
Pop1,Locus1,Locus2,4/4,5/6
Pop1,Locus1,Locus2,1/1,2/3
Pop1,Locus1,Locus2,2/2,3/4
Pop1,Locus1,Locus2,3/3,4/5
Pop1,Locus1,Locus2,4/4,5/6
Pop1,Locus1,Locus2,1/1,2/3
Pop1,Locus1,Locus2,2/2,3/4
Pop1,Locus1,Locus2,3/3,4/5
Pop1,Locus1,Locus2,4/4,5/6
Pop1,Locus1,Locus2,1/1,2/3
Pop1,Locus1,Locus2,2/2,3/4
Pop1,Locus1,Locus2,3/3,4/5
Pop1,Locus1,Locus2,4/4,5/6
Pop1,Locus1,Locus2,1/1,2/3
Pop1,Locus1,Locus2,2/2,3/4
Pop1,Locus1,Locus2,3/3,4/5
Pop1,Locus1,Locus2,4/4,5/6
Pop1,Locus1,Locus2,1/1,2/3
Pop1,Locus1,Locus2,2/2,3/4
Pop1,Locus1,Locus2,3/3,4/5
Pop1,Locus1,Locus2,4/4,5/6
Pop1,Locus1,Locus2,1/1,2/3
Pop1,Locus1,Locus2,2/2,3/4
Pop1,Locus1,Locus2,3/3,4/5
Pop1,Locus1,Locus2,4/4,5/6
Pop1,Locus1,Locus2,1/1,2/3
Pop1,Locus1,Locus2,2/2,3/4
Pop1,Locus1,Locus2,3/3,4/5
Pop1,Locus1,Locus2,4/4,5/6
Pop1,Locus1,Locus2,1/1,2/3
Pop1,Locus1,Locus2,2/2,3/4
Pop1,Locus1,Locus2,3/3,4/5
Pop1,Locus1,Locus2,4/4,5/6
Pop1,Locus1,Locus2,1/1,2/3
Pop1,Locus1,Locus2,2/2,3/4
Pop1,Locus1,Locus2,3/3,4/5
Pop1,Locus1,Locus2,4/4,5/6
Pop1,Locus1,Locus2,1/1,2/3
Pop1,Locus1,Locus2,2/2,3/4
Pop1,Locus1,Locus2,3/3,4/5
Pop1,Locus1,Locus2,4/4,5/6
Pop1,Locus3,Locus4,1/1,1/2
Pop1,Locus3,Locus4,2/2,2/3
Pop1,Locus3,Locus4,3/3,3/4
Pop1,Locus3,Locus4,4/1,4/5
Pop1,Locus3,Locus4,1/2,1/2
Pop1,Locus3,Locus4,2/3,2/3
Pop1,Locus3,Locus4,3/1,3/4
Pop1,Locus3,Locus4,4/2,4/5
Pop1,Locus3,Locus4,1/3,1/2
Pop1,Locus3,Locus4,2/1,2/3
Pop1,Locus3,Locus4,3/2,3/4
Pop1,Locus3,Locus4,4/3,4/5
Pop1,Locus3,Locus4,1/1,1/2
Pop1,Locus3,Locus4,2/2,2/3
Pop1,Locus3,Locus4,3/3,3/4
Pop1,Locus3,Locus4,4/1,4/5
Pop1,Locus3,Locus4,1/2,1/2
Pop1,Locus3,Locus4,2/3,2/3
Pop1,Locus3,Locus4,3/1,3/4
Pop1,Locus3,Locus4,4/2,4/5
Pop1,Locus3,Locus4,1/3,1/2
Pop1,Locus3,Locus4,2/1,2/3
Pop1,Locus3,Locus4,3/2,3/4
Pop1,Locus3,Locus4,4/3,4/5
Pop1,Locus3,Locus4,1/1,1/2
Pop1,Locus3,Locus4,2/2,3/4
Pop1,Locus3,Locus4,3/3,4/5
Pop1,Locus3,Locus4,4/4,5/6
Pop1,Locus3,Locus4,1/1,2/3
Pop1,Locus3,Locus4,2/2,3/4
Pop1,Locus3,Locus4,3/3,4/5
Pop1,Locus3,Locus4,4/4,5/6
Pop1,Locus3,Locus4,1/1,2/3
Pop1,Locus3,Locus4,2/2,3/4
Pop1,Locus3,Locus4,3/3,4/5
Pop1,Locus3,Locus4,4/4,5/6
Pop1,Locus3,Locus4,1/1,2/3
Pop1,Locus3,Locus4,2/2,3/4
Pop1,Locus3,Locus4,3/3,4/5
Pop1,Locus3,Locus4,4/4,5/6
Pop1,Locus3,Locus4,1/1,2/3
Pop1,Locus3,Locus4,2/2,3/4
Pop1,Locus3,Locus4,3/3,4/5
Pop1,Locus3,Locus4,4/4,5/6
Pop1,Locus3,Locus4,1/1,2/3
Pop1,Locus3,Locus4,2/2,3/4
Pop1,Locus3,Locus4,3/3,4/5
Pop1,Locus3,Locus4,4/4,5/6
Pop1,Locus3,Locus4,1/1,2/3
Pop1,Locus3,Locus4,2/2,3/4
Pop1,Locus3,Locus4,3/3,4/5
Pop1,Locus3,Locus4,4/4,5/6
Pop1,Locus3,Locus4,1/1,2/3
Pop1,Locus3,Locus4,2/2,3/4
Pop1,Locus3,Locus4,3/3,4/5
Pop1,Locus3,Locus4,4/4,5/6
Pop1,Locus3,Locus4,1/1,2/3
Pop1,Locus3,Locus4,2/2,3/4
Pop1,Locus3,Locus4,3/3,4/5
Pop1,Locus3,Locus4,4/4,5/6
Pop1,Locus3,Locus4,1/1,2/3
Pop1,Locus3,Locus4,2/2,3/4
Pop1,Locus3,Locus4,3/3,4/5
Pop1,Locus3,Locus4,4/4,5/6
Pop1,Locus3,Locus4,1/1,2/3
Pop1,Locus3,Locus4,2/2,3/4
Pop1,Locus3,Locus4,3/3,4/5
Pop1,Locus3,Locus4,4/4,5/6
Pop1,Locus3,Locus4,1/1,2/3
Pop1,Locus3,Locus4,2/2,3/4
Pop1,Locus3,Locus4,3/3,4/5
Pop1,Locus3,Locus4,4/4,5/6
Pop1,Locus3,Locus4,1/1,2/3
Pop1,Locus3,Locus4,2/2,3/4
Pop1,Locus3,Locus4,3/3,4/5
Pop1,Locus3,Locus4,4/4,5/6
Pop1,Locus3,Locus4,1/1,2/3
Pop1,Locus3,Locus4,2/2,3/4
Pop1,Locus3,Locus4,3/3,4/5
Pop1,Locus3,Locus4,4/4,5/6
Pop1,Locus3,Locus4,1/1,2/3
Pop1,Locus3,Locus4,2/2,3/4
Pop1,Locus3,Locus4,3/3,4/5
Pop1,Locus3,Locus4,4/4,5/6
Pop1,Locus3,Locus4,1/1,2/3
Pop1,Locus3,Locus4,2/2,3/4
Pop1,Locus3,Locus4,3/3,4/5
Pop1,Locus3,Locus4,4/4,5/6
Pop1,Locus3,Locus4,1/1,2/3
Pop1,Locus3,Locus4,2/2,3/4
Pop1,Locus3,Locus4,3/3,4/5
Pop1,Locus3,Locus4,4/4,5/6
Pop1,Locus3,Locus4,1/1,2/3
Pop1,Locus3,Locus4,2/2,3/4
Pop1,Locus3,Locus4,3/3,4/5
Pop1,Locus3,Locus4,4/4,5/6
Pop1,Locus3,Locus4,1/1,2/3
Pop1,Locus3,Locus4,2/2,3/4
Pop1,Locus3,Locus4,3/3,4/5
Pop1,Locus3,Locus4,4/4,5/6
Pop1,Locus5,Locus6,1/1,1/2
Pop1,Locus5,Locus6,2/2,2/3
Pop1,Locus5,Locus6,3/3,3/4
Pop1,Locus5,Locus6,4/1,4/5
Pop1,Locus5,Locus6,1/2,1/2
Pop1,Locus5,Locus6,2/3,2/3
Pop1,Locus5,Locus6,3/1,3/4
Pop1,Locus5,Locus6,4/2,4/5
Pop1,Locus5,Locus6,1/3,1/2
Pop1,Locus5,Locus6,2/1,2/3
Pop1,Locus5,Locus6,3/2,3/4
Pop1,Locus5,Locus6,4/3,4/5
Pop1,Locus5,Locus6,1/1,1/2
Pop1,Locus5,Locus6,2/2,2/3
Pop1,Locus5,Locus6,3/3,3/4
Pop1,Locus5,Locus6,4/1,4/5
Pop1,Locus5,Locus6,1/2,1/2
Pop1,Locus5,Locus6,2/3,2/3
Pop1,Locus5,Locus6,3/1,3/4
Pop1,Locus5,Locus6,4/2,4/5
Pop1,Locus5,Locus6,1/3,1/2
Pop1,Locus5,Locus6,2/1,2/3
Pop1,Locus5,Locus6,3/2,3/4
Pop1,Locus5,Locus6,4/3,4/5
Pop1,Locus5,Locus6,1/1,1/2
Pop1,Locus5,Locus6,2/2,2/3
Pop1,Locus5,Locus6,3/3,3/4
Pop1,Locus5,Locus6,4/1,4/5
Pop1,Locus5,Locus6,1/2,1/2
Pop1,Locus5,Locus6,2/3,2/3
Pop1,Locus5,Locus6,3/1,3/4
Pop1,Locus5,Locus6,4/2,4/5
Pop1,Locus5,Locus6,1/3,1/2
Pop1,Locus5,Locus6,2/1,2/3
Pop1,Locus5,Locus6,3/2,3/4
Pop1,Locus5,Locus6,4/3,4/5
Pop1,Locus5,Locus6,1/1,1/2
Pop1,Locus5,Locus6,2/2,2/3
Pop1,Locus5,Locus6,3/3,3/4
Pop1,Locus5,Locus6,4/1,4/5
Pop1,Locus5,Locus6,1/2,1/2
Pop1,Locus5,Locus6,2/3,2/3
Pop1,Locus5,Locus6,3/1,3/4
Pop1,Locus5,Locus6,4/2,4/5
Pop1,Locus5,Locus6,1/3,1/2
Pop1,Locus5,Locus6,2/1,2/3
Pop1,Locus5,Locus6,3/2,3/4
Pop1,Locus5,Locus6,4/3,4/5
Pop1,Locus5,Locus6,1/1,1/2
Pop1,Locus5,Locus6,2/2,2/3
Pop1,Locus5,Locus6,3/3,4/5
Pop1,Locus5,Locus6,4/4,5/6
Pop1,Locus5,Locus6,1/1,2/3
Pop1,Locus5,Locus6,2/2,3/4
Pop1,Locus5,Locus6,3/3,4/5
Pop1,Locus5,Locus6,4/4,5/6
Pop1,Locus5,Locus6,1/1,2/3
Pop1,Locus5,Locus6,2/2,3/4
Pop1,Locus5,Locus6,3/3,4/5
Pop1,Locus5,Locus6,4/4,5/6
Pop1,Locus5,Locus6,1/1,2/3
Pop1,Locus5,Locus6,2/2,3/4
Pop1,Locus5,Locus6,3/3,4/5
Pop1,Locus5,Locus6,4/4,5/6
Pop1,Locus5,Locus6,1/1,2/3
Pop1,Locus5,Locus6,2/2,3/4
Pop1,Locus5,Locus6,3/3,4/5
Pop1,Locus5,Locus6,4/4,5/6
Pop1,Locus5,Locus6,1/1,2/3
Pop1,Locus5,Locus6,2/2,3/4
Pop1,Locus5,Locus6,3/3,4/5
Pop1,Locus5,Locus6,4/4,5/6
Pop1,Locus5,Locus6,1/1,2/3
Pop1,Locus5,Locus6,2/2,3/4
Pop1,Locus5,Locus6,3/3,4/5
Pop1,Locus5,Locus6,4/4,5/6
Pop1,Locus5,Locus6,1/1,2/3
Pop1,Locus5,Locus6,2/2,3/4
Pop1,Locus5,Locus6,3/3,4/5
Pop1,Locus5,Locus6,4/4,5/6
Pop1,Locus5,Locus6,1/1,2/3
Pop1,Locus5,Locus6,2/2,3/4
Pop1,Locus5,Locus6,3/3,4/5
Pop1,Locus5,Locus6,4/4,5/6
Pop1,Locus5,Locus6,1/1,2/3
Pop1,Locus5,Locus6,2/2,3/4
Pop1,Locus5,Locus6,3/3,4/5
Pop1,Locus5,Locus6,4/4,5/6
Pop1,Locus5,Locus6,1/1,2/3
Pop1,Locus5,Locus6,2/2,3/4
Pop1,Locus5,Locus6,3/3,4/5
Pop1,Locus5,Locus6,4/4,5/6
Pop1,Locus5,Locus6,1/1,2/3
Pop1,Locus5,Locus6,2/2,3/4
Pop1,Locus5,Locus6,3/3,4/5
Pop1,Locus5,Locus6,4/4,5/6
Pop1,Locus5,Locus6,1/1,2/3
Pop1,Locus5,Locus6,2/2,3/4
Pop1,Locus5,Locus6,3/3,4/5
Pop1,Locus5,Locus6,4/4,5/6
Pop1,Locus7,Locus8,1/1,1/2
Pop1,Locus7,Locus8,2/2,2/3
Pop1,Locus7,Locus8,3/3,3/4
Pop1,Locus7,Locus8,4/1,4/5
Pop1,Locus7,Locus8,1/2,1/2
Pop1,Locus7,Locus8,2/3,2/3
Pop1,Locus7,Locus8,3/1,3/4
Pop1,Locus7,Locus8,4/2,4/5
Pop1,Locus7,Locus8,1/3,1/2
Pop1,Locus7,Locus8,2/1,2/3
Pop1,Locus7,Locus8,3/2,3/4
Pop1,Locus7,Locus8,4/3,4/5
Pop1,Locus7,Locus8,1/1,1/2
Pop1,Locus7,Locus8,2/2,2/3
Pop1,Locus7,Locus8,3/3,3/4
Pop1,Locus7,Locus8,4/1,4/5
Pop1,Locus7,Locus8,1/2,1/2
Pop1,Locus7,Locus8,2/3,2/3
Pop1,Locus7,Locus8,3/1,3/4
Pop1,Locus7,Locus8,4/2,4/5
Pop1,Locus7,Locus8,1/3,1/2
Pop1,Locus7,Locus8,2/1,2/3
Pop1,Locus7,Locus8,3/2,3/4
Pop1,Locus7,Locus8,4/3,4/5
Pop1,Locus7,Locus8,1/1,1/2
Pop1,Locus7,Locus8,2/2,2/3
Pop1,Locus7,Locus8,3/3,3/4
Pop1,Locus7,Locus8,4/1,4/5
Pop1,Locus7,Locus8,1/2,1/2
Pop1,Locus7,Locus8,2/3,2/3
Pop1,Locus7,Locus8,3/1,3/4
Pop1,Locus7,Locus8,4/2,4/5
Pop1,Locus7,Locus8,1/3,1/2
Pop1,Locus7,Locus8,2/1,2/3
Pop1,Locus7,Locus8,3/2,3/4
Pop1,Locus7,Locus8,4/3,4/5
Pop1,Locus7,Locus8,1/1,1/2
Pop1,Locus7,Locus8,2/2,2/3
Pop1,Locus7,Locus8,3/3,3/4
Pop1,Locus7,Locus8,4/1,4/5
Pop1,Locus7,Locus8,1/2,1/2
Pop1,Locus7,Locus8,2/3,2/3
Pop1,Locus7,Locus8,3/1,3/4
Pop1,Locus7,Locus8,4/2,4/5
Pop1,Locus7,Locus8,1/3,1/2
Pop1,Locus7,Locus8,2/1,2/3
Pop1,Locus7,Locus8,3/2,3/4
Pop1,Locus7,Locus8,4/3,4/5
Pop1,Locus7,Locus8,1/1,1/2
Pop1,Locus7,Locus8,2/2,2/3
Pop1,Locus7,Locus8,3/3,3/4
Pop1,Locus7,Locus8,4/1,4/5
Pop1,Locus7,Locus8,1/2,1/2
Pop1,Locus7,Locus8,2/3,2/3
Pop1,Locus7,Locus8,3/1,3/4
Pop1,Locus7,Locus8,4/2,4/5
Pop1,Locus7,Locus8,1/3,1/2
Pop1,Locus7,Locus8,2/1,2/3
Pop1,Locus7,Locus8,3/2,3/4
Pop1,Locus7,Locus8,4/3,4/5
Pop1,Locus7,Locus8,1/1,1/2
Pop1,Locus7,Locus8,2/2,2/3
Pop1,Locus7,Locus8,3/3,3/4
Pop1,Locus7,Locus8,4/1,4/5
Pop1,Locus7,Locus8,1/2,1/2
Pop1,Locus7,Locus8,2/3,2/3
Pop1,Locus7,Locus8,3/1,3/4
Pop1,Locus7,Locus8,4/2,4/5
Pop1,Locus7,Locus8,1/3,1/2
Pop1,Locus7,Locus8,2/1,2/3
Pop1,Locus7,Locus8,3/2,3/4
Pop1,Locus7,Locus8,4/3,4/5
Pop1,Locus7,Locus8,1/1,1/2
Pop1,Locus7,Locus8,2/2,2/3
Pop1,Locus7,Locus8,3/3,3/4
Pop1,Locus7,Locus8,4/4,5/6
Pop1,Locus7,Locus8,1/1,2/3
Pop1,Locus7,Locus8,2/2,3/4
Pop1,Locus7,Locus8,3/3,4/5
Pop1,Locus7,Locus8,4/4,5/6
Pop1,Locus7,Locus8,1/1,2/3
Pop1,Locus7,Locus8,2/2,3/4
Pop1,Locus7,Locus8,3/3,4/5
Pop1,Locus7,Locus8,4/4,5/6
Pop1,Locus7,Locus8,1/1,2/3
Pop1,Locus7,Locus8,2/2,3/4
Pop1,Locus7,Locus8,3/3,4/5
Pop1,Locus7,Locus8,4/4,5/6
Pop1,Locus7,Locus8,1/1,2/3
Pop1,Locus7,Locus8,2/2,3/4
Pop1,Locus7,Locus8,3/3,4/5
Pop1,Locus7,Locus8,4/4,5/6
Pop1,Locus7,Locus8,1/1,2/3
Pop1,Locus7,Locus8,2/2,3/4
Pop1,Locus7,Locus8,3/3,4/5
Pop1,Locus7,Locus8,4/4,5/6
Pop1,Locus7,Locus8,1/1,2/3
Pop1,Locus7,Locus8,2/2,3/4
Pop1,Locus7,Locus8,3/3,4/5
Pop1,Locus7,Locus8,4/4,5/6
Pop1,Locus9,Locus10,1/1,1/2
Pop1,Locus9,Locus10,2/2,2/3
Pop1,Locus9,Locus10,3/3,3/4
Pop1,Locus9,Locus10,4/1,4/5
Pop1,Locus9,Locus10,1/2,1/2
Pop1,Locus9,Locus10,2/3,2/3
Pop1,Locus9,Locus10,3/1,3/4
Pop1,Locus9,Locus10,4/2,4/5
Pop1,Locus9,Locus10,1/3,1/2
Pop1,Locus9,Locus10,2/1,2/3
Pop1,Locus9,Locus10,3/2,3/4
Pop1,Locus9,Locus10,4/3,4/5
Pop1,Locus9,Locus10,1/1,1/2
Pop1,Locus9,Locus10,2/2,2/3
Pop1,Locus9,Locus10,3/3,3/4
Pop1,Locus9,Locus10,4/1,4/5
Pop1,Locus9,Locus10,1/2,1/2
Pop1,Locus9,Locus10,2/3,2/3
Pop1,Locus9,Locus10,3/1,3/4
Pop1,Locus9,Locus10,4/2,4/5
Pop1,Locus9,Locus10,1/3,1/2
Pop1,Locus9,Locus10,2/1,2/3
Pop1,Locus9,Locus10,3/2,3/4
Pop1,Locus9,Locus10,4/3,4/5
Pop1,Locus9,Locus10,1/1,1/2
Pop1,Locus9,Locus10,2/2,2/3
Pop1,Locus9,Locus10,3/3,3/4
Pop1,Locus9,Locus10,4/1,4/5
Pop1,Locus9,Locus10,1/2,1/2
Pop1,Locus9,Locus10,2/3,2/3
Pop1,Locus9,Locus10,3/1,3/4
Pop1,Locus9,Locus10,4/2,4/5
Pop1,Locus9,Locus10,1/3,1/2
Pop1,Locus9,Locus10,2/1,2/3
Pop1,Locus9,Locus10,3/2,3/4
Pop1,Locus9,Locus10,4/3,4/5
Pop1,Locus9,Locus10,1/1,1/2
Pop1,Locus9,Locus10,2/2,2/3
Pop1,Locus9,Locus10,3/3,3/4
Pop1,Locus9,Locus10,4/1,4/5
Pop1,Locus9,Locus10,1/2,1/2
Pop1,Locus9,Locus10,2/3,2/3
Pop1,Locus9,Locus10,3/1,3/4
Pop1,Locus9,Locus10,4/2,4/5
Pop1,Locus9,Locus10,1/3,1/2
Pop1,Locus9,Locus10,2/1,2/3
Pop1,Locus9,Locus10,3/2,3/4
Pop1,Locus9,Locus10,4/3,4/5
Pop1,Locus9,Locus10,1/1,1/2
Pop1,Locus9,Locus10,2/2,2/3
Pop1,Locus9,Locus10,3/3,3/4
Pop1,Locus9,Locus10,4/1,4/5
Pop1,Locus9,Locus10,1/2,1/2
Pop1,Locus9,Locus10,2/3,2/3
Pop1,Locus9,Locus10,3/1,3/4
Pop1,Locus9,Locus10,4/2,4/5
Pop1,Locus9,Locus10,1/3,1/2
Pop1,Locus9,Locus10,2/1,2/3
Pop1,Locus9,Locus10,3/2,3/4
Pop1,Locus9,Locus10,4/3,4/5
Pop1,Locus9,Locus10,1/1,1/2
Pop1,Locus9,Locus10,2/2,2/3
Pop1,Locus9,Locus10,3/3,3/4
Pop1,Locus9,Locus10,4/1,4/5
Pop1,Locus9,Locus10,1/2,1/2
Pop1,Locus9,Locus10,2/3,2/3
Pop1,Locus9,Locus10,3/1,3/4
Pop1,Locus9,Locus10,4/2,4/5
Pop1,Locus9,Locus10,1/3,1/2
Pop1,Locus9,Locus10,2/1,2/3
Pop1,Locus9,Locus10,3/2,3/4
Pop1,Locus9,Locus10,4/3,4/5
Pop1,Locus9,Locus10,1/1,1/2
Pop1,Locus9,Locus10,2/2,2/3
Pop1,Locus9,Locus10,3/3,3/4
Pop1,Locus9,Locus10,4/1,4/5
Pop1,Locus9,Locus10,1/2,1/2
Pop1,Locus9,Locus10,2/3,2/3
Pop1,Locus9,Locus10,3/1,3/4
Pop1,Locus9,Locus10,4/2,4/5
Pop1,Locus9,Locus10,1/3,1/2
Pop1,Locus9,Locus10,2/1,2/3
Pop1,Locus9,Locus10,3/2,3/4
Pop1,Locus9,Locus10,4/3,4/5
Pop1,Locus9,Locus10,1/1,1/2
Pop1,Locus9,Locus10,2/2,2/3
Pop1,Locus9,Locus10,3/3,3/4
Pop1,Locus9,Locus10,4/1,4/5
Pop1,Locus9,Locus10,1/2,1/2
Pop1,Locus9,Locus10,2/3,2/3
Pop1,Locus9,Locus10,3/1,3/4
Pop1,Locus9,Locus10,4/2,4/5
Pop1,Locus9,Locus10,1/3,1/2
Pop1,Locus9,Locus10,2/1,2/3
Pop1,Locus9,Locus10,3/2,3/4
Pop1,Locus9,Locus10,4/3,4/5
Pop1,Locus9,Locus10,1/1,1/2
Pop1,Locus9,Locus10,2/2,2/3
Pop1,Locus9,Locus10,3/3,3/4
Pop1,Locus9,Locus10,4/1,4/5
Pop2,Locus1,Locus2,1/1,2/3
Pop2,Locus1,Locus2,2/2,3/4
Pop2,Locus1,Locus2,3/3,4/5
Pop2,Locus1,Locus2,4/4,5/6
Pop2,Locus1,Locus2,1/1,2/3
Pop2,Locus1,Locus2,2/2,3/4
Pop2,Locus1,Locus2,3/3,4/5
Pop2,Locus1,Locus2,4/4,5/6
Pop2,Locus1,Locus2,1/1,2/3
Pop2,Locus1,Locus2,2/2,3/4
Pop2,Locus1,Locus2,3/3,4/5
Pop2,Locus1,Locus2,4/4,5/6
Pop2,Locus1,Locus2,1/1,2/3
Pop2,Locus1,Locus2,2/2,3/4
Pop2,Locus1,Locus2,3/3,4/5
Pop2,Locus1,Locus2,4/4,5/6
Pop2,Locus1,Locus2,1/1,2/3
Pop2,Locus1,Locus2,2/2,3/4
Pop2,Locus1,Locus2,3/3,4/5
Pop2,Locus1,Locus2,4/4,5/6
Pop2,Locus1,Locus2,1/1,2/3
Pop2,Locus1,Locus2,2/2,3/4
Pop2,Locus1,Locus2,3/3,4/5
Pop2,Locus1,Locus2,4/4,5/6
Pop2,Locus1,Locus2,1/1,2/3
Pop2,Locus1,Locus2,2/2,3/4
Pop2,Locus1,Locus2,3/3,4/5
Pop2,Locus1,Locus2,4/4,5/6
Pop2,Locus1,Locus2,1/1,2/3
Pop2,Locus1,Locus2,2/2,3/4
Pop2,Locus1,Locus2,3/3,4/5
Pop2,Locus1,Locus2,4/4,5/6
Pop2,Locus1,Locus2,1/1,2/3
Pop2,Locus1,Locus2,2/2,3/4
Pop2,Locus1,Locus2,3/3,4/5
Pop2,Locus1,Locus2,4/4,5/6
Pop2,Locus1,Locus2,1/1,2/3
Pop2,Locus1,Locus2,2/2,3/4
Pop2,Locus1,Locus2,3/3,4/5
Pop2,Locus1,Locus2,4/4,5/6
Pop2,Locus1,Locus2,1/1,2/3
Pop2,Locus1,Locus2,2/2,3/4
Pop2,Locus1,Locus2,3/3,4/5
Pop2,Locus1,Locus2,4/4,5/6
Pop2,Locus1,Locus2,1/1,2/3
Pop2,Locus1,Locus2,2/2,3/4
Pop2,Locus1,Locus2,3/3,4/5
Pop2,Locus1,Locus2,4/4,5/6
Pop2,Locus1,Locus2,1/1,2/3
Pop2,Locus1,Locus2,2/2,3/4
Pop2,Locus1,Locus2,3/3,4/5
Pop2,Locus1,Locus2,4/4,5/6
Pop2,Locus1,Locus2,1/1,2/3
Pop2,Locus1,Locus2,2/2,3/4
Pop2,Locus1,Locus2,3/3,4/5
Pop2,Locus1,Locus2,4/4,5/6
Pop2,Locus1,Locus2,1/1,2/3
Pop2,Locus1,Locus2,2/2,3/4
Pop2,Locus1,Locus2,3/3,4/5
Pop2,Locus1,Locus2,4/4,5/6
Pop2,Locus1,Locus2,1/1,2/3
Pop2,Locus1,Locus2,2/2,3/4
Pop2,Locus1,Locus2,3/3,4/5
Pop2,Locus1,Locus2,4/4,5/6
Pop2,Locus1,Locus2,1/1,2/3
Pop2,Locus1,Locus2,2/2,3/4
Pop2,Locus1,Locus2,3/3,4/5
Pop2,Locus1,Locus2,4/4,5/6
Pop2,Locus1,Locus2,1/1,2/3
Pop2,Locus1,Locus2,2/2,3/4
Pop2,Locus1,Locus2,3/3,4/5
Pop2,Locus1,Locus2,4/4,5/6
Pop2,Locus1,Locus2,1/1,2/3
Pop2,Locus1,Locus2,2/2,3/4
Pop2,Locus1,Locus2,3/3,4/5
Pop2,Locus1,Locus2,4/4,5/6
Pop2,Locus1,Locus2,1/1,2/3
Pop2,Locus1,Locus2,2/2,3/4
Pop2,Locus1,Locus2,3/3,4/5
Pop2,Locus1,Locus2,4/4,5/6
Pop2,Locus1,Locus2,1/1,2/3
Pop2,Locus1,Locus2,2/2,3/4
Pop2,Locus1,Locus2,3/3,4/5
Pop2,Locus1,Locus2,4/4,5/6
Pop2,Locus1,Locus2,1/1,2/3
Pop2,Locus1,Locus2,2/2,3/4
Pop2,Locus1,Locus2,3/3,4/5
Pop2,Locus1,Locus2,4/4,5/6
Pop2,Locus1,Locus2,1/1,2/3
Pop2,Locus1,Locus2,2/2,3/4
Pop2,Locus1,Locus2,3/3,4/5
Pop2,Locus1,Locus2,4/4,5/6
Pop2,Locus1,Locus2,1/1,2/3
Pop2,Locus1,Locus2,2/2,3/4
Pop2,Locus1,Locus2,3/3,4/5
Pop2,Locus1,Locus2,4/4,5/6
Pop2,Locus1,Locus2,1/1,2/3
Pop2,Locus1,Locus2,2/2,3/4
Pop2,Locus1,Locus2,3/3,4/5
Pop2,Locus1,Locus2,4/4,5/6
Pop2,Locus3,Locus4,1/1,1/2
Pop2,Locus3,Locus4,2/2,2/3
Pop2,Locus3,Locus4,3/3,3/4
Pop2,Locus3,Locus4,4/1,4/5
Pop2,Locus3,Locus4,1/2,1/2
Pop2,Locus3,Locus4,2/3,2/3
Pop2,Locus3,Locus4,3/1,3/4
Pop2,Locus3,Locus4,4/2,4/5
Pop2,Locus3,Locus4,1/3,1/2
Pop2,Locus3,Locus4,2/1,2/3
Pop2,Locus3,Locus4,3/2,3/4
Pop2,Locus3,Locus4,4/3,4/5
Pop2,Locus3,Locus4,1/1,1/2
Pop2,Locus3,Locus4,2/2,2/3
Pop2,Locus3,Locus4,3/3,3/4
Pop2,Locus3,Locus4,4/1,4/5
Pop2,Locus3,Locus4,1/2,1/2
Pop2,Locus3,Locus4,2/3,2/3
Pop2,Locus3,Locus4,3/1,3/4
Pop2,Locus3,Locus4,4/2,4/5
Pop2,Locus3,Locus4,1/3,1/2
Pop2,Locus3,Locus4,2/1,2/3
Pop2,Locus3,Locus4,3/2,3/4
Pop2,Locus3,Locus4,4/3,4/5
Pop2,Locus3,Locus4,1/1,1/2
Pop2,Locus3,Locus4,2/2,3/4
Pop2,Locus3,Locus4,3/3,4/5
Pop2,Locus3,Locus4,4/4,5/6
Pop2,Locus3,Locus4,1/1,2/3
Pop2,Locus3,Locus4,2/2,3/4
Pop2,Locus3,Locus4,3/3,4/5
Pop2,Locus3,Locus4,4/4,5/6
Pop2,Locus3,Locus4,1/1,2/3
Pop2,Locus3,Locus4,2/2,3/4
Pop2,Locus3,Locus4,3/3,4/5
Pop2,Locus3,Locus4,4/4,5/6
Pop2,Locus3,Locus4,1/1,2/3
Pop2,Locus3,Locus4,2/2,3/4
Pop2,Locus3,Locus4,3/3,4/5
Pop2,Locus3,Locus4,4/4,5/6
Pop2,Locus3,Locus4,1/1,2/3
Pop2,Locus3,Locus4,2/2,3/4
Pop2,Locus3,Locus4,3/3,4/5
Pop2,Locus3,Locus4,4/4,5/6
Pop2,Locus3,Locus4,1/1,2/3
Pop2,Locus3,Locus4,2/2,3/4
Pop2,Locus3,Locus4,3/3,4/5
Pop2,Locus3,Locus4,4/4,5/6
Pop2,Locus3,Locus4,1/1,2/3
Pop2,Locus3,Locus4,2/2,3/4
Pop2,Locus3,Locus4,3/3,4/5
Pop2,Locus3,Locus4,4/4,5/6
Pop2,Locus3,Locus4,1/1,2/3
Pop2,Locus3,Locus4,2/2,3/4
Pop2,Locus3,Locus4,3/3,4/5
Pop2,Locus3,Locus4,4/4,5/6
Pop2,Locus3,Locus4,1/1,2/3
Pop2,Locus3,Locus4,2/2,3/4
Pop2,Locus3,Locus4,3/3,4/5
Pop2,Locus3,Locus4,4/4,5/6
Pop2,Locus3,Locus4,1/1,2/3
Pop2,Locus3,Locus4,2/2,3/4
Pop2,Locus3,Locus4,3/3,4/5
Pop2,Locus3,Locus4,4/4,5/6
Pop2,Locus3,Locus4,1/1,2/3
Pop2,Locus3,Locus4,2/2,3/4
Pop2,Locus3,Locus4,3/3,4/5
Pop2,Locus3,Locus4,4/4,5/6
Pop2,Locus3,Locus4,1/1,2/3
Pop2,Locus3,Locus4,2/2,3/4
Pop2,Locus3,Locus4,3/3,4/5
Pop2,Locus3,Locus4,4/4,5/6
Pop2,Locus3,Locus4,1/1,2/3
Pop2,Locus3,Locus4,2/2,3/4
Pop2,Locus3,Locus4,3/3,4/5
Pop2,Locus3,Locus4,4/4,5/6
Pop2,Locus3,Locus4,1/1,2/3
Pop2,Locus3,Locus4,2/2,3/4
Pop2,Locus3,Locus4,3/3,4/5
Pop2,Locus3,Locus4,4/4,5/6
Pop2,Locus3,Locus4,1/1,2/3
Pop2,Locus3,Locus4,2/2,3/4
Pop2,Locus3,Locus4,3/3,4/5
Pop2,Locus3,Locus4,4/4,5/6
Pop2,Locus3,Locus4,1/1,2/3
Pop2,Locus3,Locus4,2/2,3/4
Pop2,Locus3,Locus4,3/3,4/5
Pop2,Locus3,Locus4,4/4,5/6
Pop2,Locus3,Locus4,1/1,2/3
Pop2,Locus3,Locus4,2/2,3/4
Pop2,Locus3,Locus4,3/3,4/5
Pop2,Locus3,Locus4,4/4,5/6
Pop2,Locus3,Locus4,1/1,2/3
Pop2,Locus3,Locus4,2/2,3/4
Pop2,Locus3,Locus4,3/3,4/5
Pop2,Locus3,Locus4,4/4,5/6
Pop2,Locus3,Locus4,1/1,2/3
Pop2,Locus3,Locus4,2/2,3/4
Pop2,Locus3,Locus4,3/3,4/5
Pop2,Locus3,Locus4,4/4,5/6
Pop2,Locus5,Locus6,1/1,1/2
Pop2,Locus5,Locus6,2/2,2/3
Pop2,Locus5,Locus6,3/3,3/4
Pop2,Locus5,Locus6,4/1,4/5
Pop2,Locus5,Locus6,1/2,1/2
Pop2,Locus5,Locus6,2/3,2/3
Pop2,Locus5,Locus6,3/1,3/4
Pop2,Locus5,Locus6,4/2,4/5
Pop2,Locus5,Locus6,1/3,1/2
Pop2,Locus5,Locus6,2/1,2/3
Pop2,Locus5,Locus6,3/2,3/4
Pop2,Locus5,Locus6,4/3,4/5
Pop2,Locus5,Locus6,1/1,1/2
Pop2,Locus5,Locus6,2/2,2/3
Pop2,Locus5,Locus6,3/3,3/4
Pop2,Locus5,Locus6,4/1,4/5
Pop2,Locus5,Locus6,1/2,1/2
Pop2,Locus5,Locus6,2/3,2/3
Pop2,Locus5,Locus6,3/1,3/4
Pop2,Locus5,Locus6,4/2,4/5
Pop2,Locus5,Locus6,1/3,1/2
Pop2,Locus5,Locus6,2/1,2/3
Pop2,Locus5,Locus6,3/2,3/4
Pop2,Locus5,Locus6,4/3,4/5
Pop2,Locus5,Locus6,1/1,1/2
Pop2,Locus5,Locus6,2/2,2/3
Pop2,Locus5,Locus6,3/3,3/4
Pop2,Locus5,Locus6,4/1,4/5
Pop2,Locus5,Locus6,1/2,1/2
Pop2,Locus5,Locus6,2/3,2/3
Pop2,Locus5,Locus6,3/1,3/4
Pop2,Locus5,Locus6,4/2,4/5
Pop2,Locus5,Locus6,1/3,1/2
Pop2,Locus5,Locus6,2/1,2/3
Pop2,Locus5,Locus6,3/2,3/4
Pop2,Locus5,Locus6,4/3,4/5
Pop2,Locus5,Locus6,1/1,1/2
Pop2,Locus5,Locus6,2/2,2/3
Pop2,Locus5,Locus6,3/3,3/4
Pop2,Locus5,Locus6,4/1,4/5
Pop2,Locus5,Locus6,1/2,1/2
Pop2,Locus5,Locus6,2/3,2/3
Pop2,Locus5,Locus6,3/1,3/4
Pop2,Locus5,Locus6,4/2,4/5
Pop2,Locus5,Locus6,1/3,1/2
Pop2,Locus5,Locus6,2/1,2/3
Pop2,Locus5,Locus6,3/2,3/4
Pop2,Locus5,Locus6,4/3,4/5
Pop2,Locus5,Locus6,1/1,1/2
Pop2,Locus5,Locus6,2/2,2/3
Pop2,Locus5,Locus6,3/3,4/5
Pop2,Locus5,Locus6,4/4,5/6
Pop2,Locus5,Locus6,1/1,2/3
Pop2,Locus5,Locus6,2/2,3/4
Pop2,Locus5,Locus6,3/3,4/5
Pop2,Locus5,Locus6,4/4,5/6
Pop2,Locus5,Locus6,1/1,2/3
Pop2,Locus5,Locus6,2/2,3/4
Pop2,Locus5,Locus6,3/3,4/5
Pop2,Locus5,Locus6,4/4,5/6
Pop2,Locus5,Locus6,1/1,2/3
Pop2,Locus5,Locus6,2/2,3/4
Pop2,Locus5,Locus6,3/3,4/5
Pop2,Locus5,Locus6,4/4,5/6
Pop2,Locus5,Locus6,1/1,2/3
Pop2,Locus5,Locus6,2/2,3/4
Pop2,Locus5,Locus6,3/3,4/5
Pop2,Locus5,Locus6,4/4,5/6
Pop2,Locus5,Locus6,1/1,2/3
Pop2,Locus5,Locus6,2/2,3/4
Pop2,Locus5,Locus6,3/3,4/5
Pop2,Locus5,Locus6,4/4,5/6
Pop2,Locus5,Locus6,1/1,2/3
Pop2,Locus5,Locus6,2/2,3/4
Pop2,Locus5,Locus6,3/3,4/5
Pop2,Locus5,Locus6,4/4,5/6
Pop2,Locus5,Locus6,1/1,2/3
Pop2,Locus5,Locus6,2/2,3/4
Pop2,Locus5,Locus6,3/3,4/5
Pop2,Locus5,Locus6,4/4,5/6
Pop2,Locus5,Locus6,1/1,2/3
Pop2,Locus5,Locus6,2/2,3/4
Pop2,Locus5,Locus6,3/3,4/5
Pop2,Locus5,Locus6,4/4,5/6
Pop2,Locus5,Locus6,1/1,2/3
Pop2,Locus5,Locus6,2/2,3/4
Pop2,Locus5,Locus6,3/3,4/5
Pop2,Locus5,Locus6,4/4,5/6
Pop2,Locus5,Locus6,1/1,2/3
Pop2,Locus5,Locus6,2/2,3/4
Pop2,Locus5,Locus6,3/3,4/5
Pop2,Locus5,Locus6,4/4,5/6
Pop2,Locus5,Locus6,1/1,2/3
Pop2,Locus5,Locus6,2/2,3/4
Pop2,Locus5,Locus6,3/3,4/5
Pop2,Locus5,Locus6,4/4,5/6
Pop2,Locus5,Locus6,1/1,2/3
Pop2,Locus5,Locus6,2/2,3/4
Pop2,Locus5,Locus6,3/3,4/5
Pop2,Locus5,Locus6,4/4,5/6
Pop2,Locus7,Locus8,1/1,1/2
Pop2,Locus7,Locus8,2/2,2/3
Pop2,Locus7,Locus8,3/3,3/4
Pop2,Locus7,Locus8,4/1,4/5
Pop2,Locus7,Locus8,1/2,1/2
Pop2,Locus7,Locus8,2/3,2/3
Pop2,Locus7,Locus8,3/1,3/4
Pop2,Locus7,Locus8,4/2,4/5
Pop2,Locus7,Locus8,1/3,1/2
Pop2,Locus7,Locus8,2/1,2/3
Pop2,Locus7,Locus8,3/2,3/4
Pop2,Locus7,Locus8,4/3,4/5
Pop2,Locus7,Locus8,1/1,1/2
Pop2,Locus7,Locus8,2/2,2/3
Pop2,Locus7,Locus8,3/3,3/4
Pop2,Locus7,Locus8,4/1,4/5
Pop2,Locus7,Locus8,1/2,1/2
Pop2,Locus7,Locus8,2/3,2/3
Pop2,Locus7,Locus8,3/1,3/4
Pop2,Locus7,Locus8,4/2,4/5
Pop2,Locus7,Locus8,1/3,1/2
Pop2,Locus7,Locus8,2/1,2/3
Pop2,Locus7,Locus8,3/2,3/4
Pop2,Locus7,Locus8,4/3,4/5
Pop2,Locus7,Locus8,1/1,1/2
Pop2,Locus7,Locus8,2/2,2/3
Pop2,Locus7,Locus8,3/3,3/4
Pop2,Locus7,Locus8,4/1,4/5
Pop2,Locus7,Locus8,1/2,1/2
Pop2,Locus7,Locus8,2/3,2/3
Pop2,Locus7,Locus8,3/1,3/4
Pop2,Locus7,Locus8,4/2,4/5
Pop2,Locus7,Locus8,1/3,1/2
Pop2,Locus7,Locus8,2/1,2/3
Pop2,Locus7,Locus8,3/2,3/4
Pop2,Locus7,Locus8,4/3,4/5
Pop2,Locus7,Locus8,1/1,1/2
Pop2,Locus7,Locus8,2/2,2/3
Pop2,Locus7,Locus8,3/3,3/4
Pop2,Locus7,Locus8,4/1,4/5
Pop2,Locus7,Locus8,1/2,1/2
Pop2,Locus7,Locus8,2/3,2/3
Pop2,Locus7,Locus8,3/1,3/4
Pop2,Locus7,Locus8,4/2,4/5
Pop2,Locus7,Locus8,1/3,1/2
Pop2,Locus7,Locus8,2/1,2/3
Pop2,Locus7,Locus8,3/2,3/4
Pop2,Locus7,Locus8,4/3,4/5
Pop2,Locus7,Locus8,1/1,1/2
Pop2,Locus7,Locus8,2/2,2/3
Pop2,Locus7,Locus8,3/3,3/4
Pop2,Locus7,Locus8,4/1,4/5
Pop2,Locus7,Locus8,1/2,1/2
Pop2,Locus7,Locus8,2/3,2/3
Pop2,Locus7,Locus8,3/1,3/4
Pop2,Locus7,Locus8,4/2,4/5
Pop2,Locus7,Locus8,1/3,1/2
Pop2,Locus7,Locus8,2/1,2/3
Pop2,Locus7,Locus8,3/2,3/4
Pop2,Locus7,Locus8,4/3,4/5
Pop2,Locus7,Locus8,1/1,1/2
Pop2,Locus7,Locus8,2/2,2/3
Pop2,Locus7,Locus8,3/3,3/4
Pop2,Locus7,Locus8,4/1,4/5
Pop2,Locus7,Locus8,1/2,1/2
Pop2,Locus7,Locus8,2/3,2/3
Pop2,Locus7,Locus8,3/1,3/4
Pop2,Locus7,Locus8,4/2,4/5
Pop2,Locus7,Locus8,1/3,1/2
Pop2,Locus7,Locus8,2/1,2/3
Pop2,Locus7,Locus8,3/2,3/4
Pop2,Locus7,Locus8,4/3,4/5
Pop2,Locus7,Locus8,1/1,1/2
Pop2,Locus7,Locus8,2/2,2/3
Pop2,Locus7,Locus8,3/3,3/4
Pop2,Locus7,Locus8,4/4,5/6
Pop2,Locus7,Locus8,1/1,2/3
Pop2,Locus7,Locus8,2/2,3/4
Pop2,Locus7,Locus8,3/3,4/5
Pop2,Locus7,Locus8,4/4,5/6
Pop2,Locus7,Locus8,1/1,2/3
Pop2,Locus7,Locus8,2/2,3/4
Pop2,Locus7,Locus8,3/3,4/5
Pop2,Locus7,Locus8,4/4,5/6
Pop2,Locus7,Locus8,1/1,2/3
Pop2,Locus7,Locus8,2/2,3/4
Pop2,Locus7,Locus8,3/3,4/5
Pop2,Locus7,Locus8,4/4,5/6
Pop2,Locus7,Locus8,1/1,2/3
Pop2,Locus7,Locus8,2/2,3/4
Pop2,Locus7,Locus8,3/3,4/5
Pop2,Locus7,Locus8,4/4,5/6
Pop2,Locus7,Locus8,1/1,2/3
Pop2,Locus7,Locus8,2/2,3/4
Pop2,Locus7,Locus8,3/3,4/5
Pop2,Locus7,Locus8,4/4,5/6
Pop2,Locus7,Locus8,1/1,2/3
Pop2,Locus7,Locus8,2/2,3/4
Pop2,Locus7,Locus8,3/3,4/5
Pop2,Locus7,Locus8,4/4,5/6
Pop2,Locus9,Locus10,1/1,1/2
Pop2,Locus9,Locus10,2/2,2/3
Pop2,Locus9,Locus10,3/3,3/4
Pop2,Locus9,Locus10,4/1,4/5
Pop2,Locus9,Locus10,1/2,1/2
Pop2,Locus9,Locus10,2/3,2/3
Pop2,Locus9,Locus10,3/1,3/4
Pop2,Locus9,Locus10,4/2,4/5
Pop2,Locus9,Locus10,1/3,1/2
Pop2,Locus9,Locus10,2/1,2/3
Pop2,Locus9,Locus10,3/2,3/4
Pop2,Locus9,Locus10,4/3,4/5
Pop2,Locus9,Locus10,1/1,1/2
Pop2,Locus9,Locus10,2/2,2/3
Pop2,Locus9,Locus10,3/3,3/4
Pop2,Locus9,Locus10,4/1,4/5
Pop2,Locus9,Locus10,1/2,1/2
Pop2,Locus9,Locus10,2/3,2/3
Pop2,Locus9,Locus10,3/1,3/4
Pop2,Locus9,Locus10,4/2,4/5
Pop2,Locus9,Locus10,1/3,1/2
Pop2,Locus9,Locus10,2/1,2/3
Pop2,Locus9,Locus10,3/2,3/4
Pop2,Locus9,Locus10,4/3,4/5
Pop2,Locus9,Locus10,1/1,1/2
Pop2,Locus9,Locus10,2/2,2/3
Pop2,Locus9,Locus10,3/3,3/4
Pop2,Locus9,Locus10,4/1,4/5
Pop2,Locus9,Locus10,1/2,1/2
Pop2,Locus9,Locus10,2/3,2/3
Pop2,Locus9,Locus10,3/1,3/4
Pop2,Locus9,Locus10,4/2,4/5
Pop2,Locus9,Locus10,1/3,1/2
Pop2,Locus9,Locus10,2/1,2/3
Pop2,Locus9,Locus10,3/2,3/4
Pop2,Locus9,Locus10,4/3,4/5
Pop2,Locus9,Locus10,1/1,1/2
Pop2,Locus9,Locus10,2/2,2/3
Pop2,Locus9,Locus10,3/3,3/4
Pop2,Locus9,Locus10,4/1,4/5
Pop2,Locus9,Locus10,1/2,1/2
Pop2,Locus9,Locus10,2/3,2/3
Pop2,Locus9,Locus10,3/1,3/4
Pop2,Locus9,Locus10,4/2,4/5
Pop2,Locus9,Locus10,1/3,1/2
Pop2,Locus9,Locus10,2/1,2/3
Pop2,Locus9,Locus10,3/2,3/4
Pop2,Locus9,Locus10,4/3,4/5
Pop2,Locus9,Locus10,1/1,1/2
Pop2,Locus9,Locus10,2/2,2/3
Pop2,Locus9,Locus10,3/3,3/4
Pop2,Locus9,Locus10,4/1,4/5
Pop2,Locus9,Locus10,1/2,1/2
Pop2,Locus9,Locus10,2/3,2/3
Pop2,Locus9,Locus10,3/1,3/4
Pop2,Locus9,Locus10,4/2,4/5
Pop2,Locus9,Locus10,1/3,1/2
Pop2,Locus9,Locus10,2/1,2/3
Pop2,Locus9,Locus10,3/2,3/4
Pop2,Locus9,Locus10,4/3,4/5
Pop2,Locus9,Locus10,1/1,1/2
Pop2,Locus9,Locus10,2/2,2/3
Pop2,Locus9,Locus10,3/3,3/4
Pop2,Locus9,Locus10,4/1,4/5
Pop2,Locus9,Locus10,1/2,1/2
Pop2,Locus9,Locus10,2/3,2/3
Pop2,Locus9,Locus10,3/1,3/4
Pop2,Locus9,Locus10,4/2,4/5
Pop2,Locus9,Locus10,1/3,1/2
Pop2,Locus9,Locus10,2/1,2/3
Pop2,Locus9,Locus10,3/2,3/4
Pop2,Locus9,Locus10,4/3,4/5
Pop2,Locus9,Locus10,1/1,1/2
Pop2,Locus9,Locus10,2/2,2/3
Pop2,Locus9,Locus10,3/3,3/4
Pop2,Locus9,Locus10,4/1,4/5
Pop2,Locus9,Locus10,1/2,1/2
Pop2,Locus9,Locus10,2/3,2/3
Pop2,Locus9,Locus10,3/1,3/4
Pop2,Locus9,Locus10,4/2,4/5
Pop2,Locus9,Locus10,1/3,1/2
Pop2,Locus9,Locus10,2/1,2/3
Pop2,Locus9,Locus10,3/2,3/4
Pop2,Locus9,Locus10,4/3,4/5
Pop2,Locus9,Locus10,1/1,1/2
Pop2,Locus9,Locus10,2/2,2/3
Pop2,Locus9,Locus10,3/3,3/4
Pop2,Locus9,Locus10,4/1,4/5
Pop2,Locus9,Locus10,1/2,1/2
Pop2,Locus9,Locus10,2/3,2/3
Pop2,Locus9,Locus10,3/1,3/4
Pop2,Locus9,Locus10,4/2,4/5
Pop2,Locus9,Locus10,1/3,1/2
Pop2,Locus9,Locus10,2/1,2/3
Pop2,Locus9,Locus10,3/2,3/4
Pop2,Locus9,Locus10,4/3,4/5
Pop2,Locus9,Locus10,1/1,1/2
Pop2,Locus9,Locus10,2/2,2/3
Pop2,Locus9,Locus10,3/3,3/4
Pop2,Locus9,Locus10,4/1,4/5
